-- phpMyAdmin SQL Dump
-- version 5.2.1
-- https://www.phpmyadmin.net/
--
-- Host: 127.0.0.1
-- Generation Time: Nov 20, 2025 at 12:35 PM
-- Server version: 10.4.28-MariaDB
-- PHP Version: 8.2.4

SET SQL_MODE = "NO_AUTO_VALUE_ON_ZERO";
START TRANSACTION;
SET time_zone = "+00:00";


/*!40101 SET @OLD_CHARACTER_SET_CLIENT=@@CHARACTER_SET_CLIENT */;
/*!40101 SET @OLD_CHARACTER_SET_RESULTS=@@CHARACTER_SET_RESULTS */;
/*!40101 SET @OLD_COLLATION_CONNECTION=@@COLLATION_CONNECTION */;
/*!40101 SET NAMES utf8mb4 */;

--
-- Database: `pos_barcode_db`
--

-- --------------------------------------------------------

--
-- Table structure for table `tbl_admin`
--

CREATE TABLE `tbl_admin` (
  `user_id` int(11) NOT NULL,
  `username` varchar(200) NOT NULL,
  `useremail` varchar(200) NOT NULL,
  `userpassword` varchar(200) NOT NULL,
  `img` text NOT NULL,
  `role` varchar(50) NOT NULL,
  `login_online` int(11) NOT NULL,
  `last_login` timestamp NOT NULL DEFAULT current_timestamp() ON UPDATE current_timestamp()
) ENGINE=InnoDB DEFAULT CHARSET=utf8mb4 COLLATE=utf8mb4_general_ci;

--
-- Dumping data for table `tbl_admin`
--

INSERT INTO `tbl_admin` (`user_id`, `username`, `useremail`, `userpassword`, `img`, `role`, `login_online`, `last_login`) VALUES
(1, 'Admin', 'admintongheng@gmail.com', '12345T0ngh3ng', 'IMG_20230404_180734.jpg', 'Admin', 1722705145, '2024-08-03 17:12:15'),
(2, 'user', 'heanguser123@gmail.com', '123', 'user.png', 'User', 1694689486, '2023-09-14 18:04:36'),
(14, 'test', 'test@gmail.com', '123', 'user.png', 'User', 1694697563, '2023-09-14 20:19:13');

-- --------------------------------------------------------

--
-- Table structure for table `tbl_category`
--

CREATE TABLE `tbl_category` (
  `catid` int(11) NOT NULL,
  `category` varchar(200) NOT NULL,
  `aus` int(50) NOT NULL
) ENGINE=InnoDB DEFAULT CHARSET=utf8mb4 COLLATE=utf8mb4_general_ci;

--
-- Dumping data for table `tbl_category`
--

INSERT INTO `tbl_category` (`catid`, `category`, `aus`) VALUES
(1, 'Soap', 1),
(2, 'Mobile', 1),
(3, 'Watches', 1),
(4, 'Health Care', 1),
(9, 'Grocery', 1),
(10, 'Fashion', 1),
(11, 'Electronics', 1),
(12, 'Baby & Kids', 1),
(13, 'Beverages', 1),
(14, 'Cosmetics', 1),
(15, 'Hardware', 1),
(16, 'Laptop', 1),
(17, 'Veg', 1),
(18, 'Non Veg', 1),
(19, 'Books', 1),
(20, 'Vegetables', 1),
(21, 'Spices', 1),
(22, 'Body Lotions', 1),
(23, 'Medicines', 1),
(24, 'ភេជៈ', 1),
(25, 'Accessory camera', 1736279042),
(26, 'service', 1736279042),
(27, 'Accessory', 1736279042),
(28, 'Accessory PC', 1736279042),
(29, 'PC', 1736279042),
(30, 'Printer', 1736279042),
(31, 'imou', 1736279042),
(32, 'Accessory camera imou', 1736279042),
(33, 'camera', 1736279042),
(36, 'Woed', 1730228047);

-- --------------------------------------------------------

--
-- Table structure for table `tbl_change`
--

CREATE TABLE `tbl_change` (
  `id` int(11) NOT NULL,
  `exchange` float NOT NULL DEFAULT 4000,
  `usd_or_real` varchar(50) NOT NULL DEFAULT 'usd',
  `aus` int(50) NOT NULL
) ENGINE=InnoDB DEFAULT CHARSET=utf8 COLLATE=utf8_general_ci;

--
-- Dumping data for table `tbl_change`
--

INSERT INTO `tbl_change` (`id`, `exchange`, `usd_or_real`, `aus`) VALUES
(1, 4000, 'usd', 1),
(2, 4000, 'usd', 1730228047),
(4, 4000, 'usd', 1736279042),
(5, 4000, 'usd', 1751623567),
(6, 4000, 'usd', 1751431050),
(7, 4000, 'usd', 1751705757),
(8, 4000, 'usd', 1751518236),
(9, 4000, 'usd', 1751661905),
(10, 4000, 'usd', 1751993647),
(11, 4000, 'usd', 1752144646),
(12, 4000, 'usd', 1761907850);

-- --------------------------------------------------------

--
-- Table structure for table `tbl_date_free`
--

CREATE TABLE `tbl_date_free` (
  `id` int(11) NOT NULL,
  `number_of_date` int(11) NOT NULL
) ENGINE=InnoDB DEFAULT CHARSET=utf8 COLLATE=utf8_general_ci;

--
-- Dumping data for table `tbl_date_free`
--

INSERT INTO `tbl_date_free` (`id`, `number_of_date`) VALUES
(1, 7);

-- --------------------------------------------------------

--
-- Table structure for table `tbl_invoice`
--

CREATE TABLE `tbl_invoice` (
  `invoice_id` int(11) NOT NULL,
  `receipt_id` int(11) NOT NULL,
  `order_date` date NOT NULL,
  `subtotal` double NOT NULL,
  `discount` double NOT NULL,
  `discountp` int(11) NOT NULL,
  `free` float NOT NULL,
  `discount_h` float NOT NULL,
  `total` double NOT NULL,
  `payment_type` tinytext NOT NULL,
  `due` double NOT NULL,
  `paid` double NOT NULL,
  `saler_id` int(11) NOT NULL,
  `saler_name` varchar(50) NOT NULL,
  `buyer` varchar(50) DEFAULT NULL,
  `edit` varchar(50) NOT NULL,
  `aus` int(50) NOT NULL
) ENGINE=InnoDB DEFAULT CHARSET=utf8mb4 COLLATE=utf8mb4_general_ci;

--
-- Dumping data for table `tbl_invoice`
--

INSERT INTO `tbl_invoice` (`invoice_id`, `receipt_id`, `order_date`, `subtotal`, `discount`, `discountp`, `free`, `discount_h`, `total`, `payment_type`, `due`, `paid`, `saler_id`, `saler_name`, `buyer`, `edit`, `aus`) VALUES
(56, 1, '2024-11-27', 1.25, 0.3125, 25, 0, 0, 0.9375, 'Cash', -250, 4000, 53, 'admin', '', '', 1),
(57, 2, '2024-11-27', 1, 0.25, 25, 0, 0, 0.75, 'Cash', 0, 3000, 53, 'admin', '', '', 1),
(58, 3, '2024-12-02', 1.25, 0.3125, 25, 0, 0, 0.9375, 'Cash', 1250, 5000, 53, 'admin', '', '', 1),
(61, 4, '2025-02-06', 1.25, 0.3125, 25, 0, 0, 0.9375, 'Cash', 0, 0, 69, 'សុខខា', '', '', 1),
(62, 5, '2025-02-06', 2.75, 2750, 25, 0, 0, 2.0625, 'Cash', 2750, 11000, 69, 'សុខខា', 'th', 'សុខខា', 1),
(69, 3, '2025-06-23', 58, 0, 0, 8, 0, 50, 'Cash', 0, 50, 71, 'Tongheng', '', 'Tongheng', 1736279042),
(71, 5, '2025-02-28', 66.5, 0, 0, 8, 0, 58.5, 'Cash', 0, 58.5, 71, 'Tongheng', '', 'Tongheng', 1736279042),
(72, 6, '2025-02-20', 20, 0, 0, 0, 0, 20, 'Cash', 0, 20, 71, 'Tongheng', '', 'Tongheng', 1736279042),
(80, 7, '2025-03-10', 121, 0, 0, 1, 0, 120, 'Cash', 0, 120, 71, 'Tongheng', '', 'Tongheng', 1736279042),
(81, 8, '2025-03-19', 14, 0, 0, 0, 2, 12, 'Cash', 0, 12, 71, 'Tongheng', '', 'Tongheng', 1736279042),
(82, 9, '2025-04-09', 141, 0, 0, 0, 14, 127, 'Cash', 0, 127, 71, 'Tongheng', '', 'Tongheng', 1736279042),
(83, 10, '2025-04-19', 80, 0, 0, 0, 5, 75, 'Cash', 0, 75, 71, 'Tongheng', '', 'Tongheng', 1736279042),
(84, 11, '2025-04-19', 67, 0, 0, 0, 2, 65, 'Cash', 0, 65, 71, 'Tongheng', '', 'Tongheng', 1736279042),
(85, 12, '2025-04-19', 80, 0, 0, 0, 5, 75, 'Cash', 0, 75, 71, 'Tongheng', '', 'Tongheng', 1736279042),
(86, 13, '2025-04-19', 67, 0, 0, 0, 2, 65, 'Cash', 0, 65, 71, 'Tongheng', '', 'Tongheng', 1736279042),
(87, 14, '2025-04-22', 15, 0, 0, 0, 0, 15, 'Cash', 0, 15, 71, 'Tongheng', '', 'Tongheng', 1736279042),
(88, 15, '2025-04-28', 177, 0, 0, 8, 2, 167, 'Cash', 0, 167, 71, 'Tongheng', '', 'Tongheng', 1736279042),
(89, 16, '2025-04-28', 60, 0, 0, 0, 5, 55, 'Cash', 0, 55, 71, 'Tongheng', '', 'Tongheng', 1736279042),
(90, 17, '2025-05-08', 139, 0, 0, 8, 2, 129, 'Cash', 0, 129, 71, 'Tongheng', '', 'Tongheng', 1736279042),
(91, 18, '2025-05-08', 62, 0, 0, 0, 2, 60, 'Cash', 0, 60, 71, 'Tongheng', '', 'Tongheng', 1736279042),
(92, 19, '2025-05-09', 6, 0, 0, 0, 0, 6, 'Cash', 0, 6, 71, 'Tongheng', '', 'Tongheng', 1736279042),
(93, 20, '2025-05-14', 196.35, 0, 0, 8, 11.35, 177, 'Cash', 0, 177, 71, 'Tongheng', '', 'Tongheng', 1736279042),
(95, 22, '2025-05-15', 116, 0, 0, 16, 2, 98, 'Cash', 0, 98, 71, 'Tongheng', '', 'Tongheng', 1736279042),
(96, 23, '2025-05-16', 30.5, 0, 0, 0, 0.5, 30, 'Cash', 0, 30, 71, 'Tongheng', '', 'Tongheng', 1736279042),
(97, 24, '2025-05-19', 5, 0, 0, 0, 0, 5, 'Cash', 0, 5, 71, 'Tongheng', '', 'Tongheng', 1736279042),
(98, 25, '2025-05-19', 134, 0, 0, 0, 0, 134, 'Cash', 0, 134, 71, 'Tongheng', '', 'Tongheng', 1736279042),
(99, 26, '2025-05-19', 21, 0, 0, 0, 0, 21, 'Cash', 0, 21, 71, 'Tongheng', '', 'Tongheng', 1736279042),
(100, 27, '2025-05-20', 72, 0, 0, 0, 2, 70, 'Cash', 0, 70, 71, 'Tongheng', '', 'Tongheng', 1736279042),
(101, 28, '2025-05-21', 134, 0, 0, 0, 0, 134, 'Cash', 0, 134, 71, 'Tongheng', '', 'Tongheng', 1736279042),
(102, 29, '2025-05-27', 112, 0, 0, 0, 2, 110, 'Cash', 0, 110, 71, 'Tongheng', '', 'Tongheng', 1736279042),
(103, 30, '2025-06-05', 20, 0, 0, 0, 0, 20, 'Cash', 0, 20, 71, 'Tongheng', '', 'Tongheng', 1736279042),
(104, 31, '2025-06-23', 7.5, 0, 0, 0, 0, 7.5, 'Cash', 0, 7.5, 71, 'Tongheng', '', 'Tongheng', 1736279042),
(105, 32, '2025-06-23', 58.38, 0, 0, 8, 3.125, 47.25, 'Cash', 0, 47.25, 71, 'Tongheng', '', 'Tongheng', 1736279042),
(106, 4, '2025-06-23', 158, 0, 0, 16, 2, 140, 'Cash', 0, 140, 71, 'Tongheng', '', 'Tongheng', 1736279042),
(107, 33, '2025-05-14', 110.63, 0, 0, 0, 10.625, 100, 'Cash', 0, 100, 71, 'Tongheng', '', 'Tongheng', 1736279042),
(108, 34, '2025-07-06', 11, 0, 0, 0, 0, 11, 'Cash', 0, 11, 71, 'Tongheng', '', '', 1736279042),
(109, 35, '2025-07-06', 138.75, 0, 0, 8, 10.755, 120, 'Cash', 0, 0, 71, 'Tongheng', '', 'Tongheng', 1736279042),
(110, 36, '2025-07-08', 42, 0, 0, 0, 5, 37, 'Cash', 0, 37, 71, 'Tongheng', '', 'Tongheng', 1736279042),
(111, 37, '2025-07-12', 197.25, 0, 0, 24, 8.25, 165, 'Cash', 0, 165, 71, 'Tongheng', '', '', 1736279042),
(112, 38, '2025-07-14', 26.38, 0, 0, 0, 2, 24.38, 'Cash', 0, 24.38, 71, 'Tongheng', '', '', 1736279042),
(113, 39, '2025-07-19', 17, 0, 0, 0, 1, 16, 'Cash', 0, 16, 71, 'Tongheng', '', '', 1736279042),
(114, 40, '2025-07-24', 196.38, 0, 0, 8, 29.375, 159, 'QR', 0, 159, 71, 'Tongheng', '', 'Tongheng', 1736279042),
(115, 41, '2025-07-24', 5, 0, 0, 0, 0, 5, 'Cash', 0, 5, 71, 'Tongheng', '', '', 1736279042),
(116, 42, '2025-07-24', 59.25, 0, 0, 8, 1.25, 50, 'QR', 0, 50, 71, 'Tongheng', '', '', 1736279042),
(117, 43, '2025-07-25', 5, 0, 0, 0, 0, 5, 'Cash', 0, 0, 71, 'Tongheng', '', '', 1736279042),
(118, 44, '2025-07-31', 143.88, 0, 0, 16, 5.75, 122.13, 'Cash', 0, 122.13, 71, 'Tongheng', '', 'Tongheng', 1736279042),
(120, 46, '2025-08-03', 126, 0, 0, 16, 0, 110, 'Cash', 0, 110, 71, 'Tongheng', '', 'Tongheng', 1736279042),
(121, 47, '2025-08-03', 59, 0, 0, 8, 1, 50, 'Cash', 0, 50, 71, 'Tongheng', '', 'Tongheng', 1736279042),
(122, 48, '2025-08-04', 35, 0, 0, 0, 0, 35, 'QR', 0, 35, 71, 'Tongheng', '', '', 1736279042),
(123, 49, '2025-08-06', 73, 0, 0, 8, 0, 65, 'Cash', 0, 65, 71, 'Tongheng', '', '', 1736279042),
(124, 6, '2025-11-17', 1, 0.25, 25, 0, 0, 0.75, 'Cash', 0, 0, 53, 'admin', NULL, '', 1),
(125, 7, '2025-11-17', 4.75125, 1.18775, 25, 0, 0, 3.5635, 'QR', 0, 0, 53, 'admin', NULL, '', 1),
(126, 8, '2025-11-17', 1, 0.25, 25, 0, 0, 0.75, 'Cash', 0, 0, 53, 'admin', NULL, '', 1),
(127, 9, '2025-11-17', 2, 0.5, 25, 0, 0, 1.5, 'Cash', 0, 0, 53, 'admin', NULL, '', 1),
(128, 10, '2025-11-18', 0.3, 0, 0, 0, 0, 0.3, 'Cash', 0, 0, 53, 'admin', '', '', 1),
(129, 11, '2025-11-18', 3, 0, 0, 0, 0, 3, 'Cash', 0, 0, 53, 'admin', 'd', '', 1),
(130, 12, '2025-11-18', 1, 0, 0, 0, 0, 1, 'Cash', 0, 1, 53, 'admin', '', '', 1);

-- --------------------------------------------------------

--
-- Table structure for table `tbl_invoice_details`
--

CREATE TABLE `tbl_invoice_details` (
  `id` int(11) NOT NULL,
  `invoice_id` int(11) NOT NULL,
  `barcode` varchar(200) NOT NULL,
  `product_id` int(11) NOT NULL,
  `product_name` varchar(200) NOT NULL,
  `qty` float NOT NULL,
  `original_price` float NOT NULL,
  `rate` double NOT NULL,
  `saleprice` double NOT NULL,
  `order_date` date NOT NULL,
  `saler_id` int(11) NOT NULL,
  `aus` int(50) NOT NULL
) ENGINE=InnoDB DEFAULT CHARSET=utf8mb4 COLLATE=utf8mb4_general_ci;

--
-- Dumping data for table `tbl_invoice_details`
--

INSERT INTO `tbl_invoice_details` (`id`, `invoice_id`, `barcode`, `product_id`, `product_name`, `qty`, `original_price`, `rate`, `saleprice`, `order_date`, `saler_id`, `aus`) VALUES
(282, 56, '34010947', 34, 'Kangaro Stapler', 1, 0, 1.25, 1.25, '2024-11-27', 53, 1),
(283, 57, '35011018', 35, 'Kangaro Stapler Pins', 2, 0, 0.5, 1, '2024-11-27', 53, 1),
(284, 58, '34010947', 34, 'Kangaro Stapler', 1, 0, 1.25, 1.25, '2024-12-02', 53, 1),
(287, 61, '34010947', 34, 'Kangaro Stapler', 1, 0, 1.25, 1.25, '2025-02-06', 69, 1),
(289, 62, '36021723', 36, 'cocacola', 1, 0, 4000, 4000, '2025-02-06', 0, 0),
(290, 62, '35011018', 35, 'Kangaro Stapler Pins', 1, 0, 2000, 2000, '2025-02-06', 0, 0),
(291, 62, '34010947', 34, 'Kangaro Stapler', 1, 0, 5000, 5000, '2025-02-06', 0, 0),
(441, 100, '39045904', 39, 'Ranger MINI 5MP', 1, 35, 50, 50, '2025-05-20', 71, 1736279042),
(442, 100, '69015630', 69, 'SD Card 128GB', 1, 8.5, 12, 12, '2025-05-20', 71, 1736279042),
(443, 100, '45084439', 45, 'ឈ្នួលជាង 10$', 1, 0, 10, 10, '2025-05-20', 71, 1736279042),
(490, 86, '39045904', 39, 'Ranger MINI 5MP', 1, 35, 50, 50, '2025-04-19', 71, 1736279042),
(491, 86, '69015630', 69, 'SD Card 128GB', 1, 8.5, 12, 12, '2025-04-19', 71, 1736279042),
(492, 86, '46091120', 46, 'ឈ្នួលជាង 5$', 1, 0, 5, 5, '2025-04-19', 71, 1736279042),
(513, 107, '75050808', 75, 'Cruiser sc wifi 5mp', 1, 58, 87, 87, '2025-05-14', 71, 1736279042),
(514, 107, '69015630', 69, 'SD Card 128GB', 1, 8.5, 12, 12, '2025-05-14', 71, 1736279042),
(515, 107, '45084439', 45, 'ឈ្នួលជាង 10$', 1, 0, 10, 10, '2025-05-14', 71, 1736279042),
(516, 107, '79070746', 79, 'ប្រអប់ភ្លើង', 1, 0.825, 1.25, 1.25, '2025-05-14', 71, 1736279042),
(517, 107, '80074949', 80, 'ឌុយញី', 1, 0.25, 0.375, 0.375, '2025-05-14', 71, 1736279042),
(522, 105, '324345', 77, 'Ranger MINI 3MP', 1, 29, 40, 40, '2025-06-23', 71, 1736279042),
(523, 105, '45084439', 45, 'ឈ្នួលជាង 10$', 1, 0, 10, 10, '2025-06-23', 71, 1736279042),
(524, 105, '80074949', 80, 'ឌុយញី', 1, 0.25, 0.375, 0.375, '2025-06-23', 71, 1736279042),
(525, 105, '44051836', 44, 'SD Card - 64GB ', 1, 3.5, 8, 8, '2025-06-23', 71, 1736279042),
(526, 104, '67024033', 67, 'Mouse pad ធំ', 2, 2, 3.75, 7.5, '2025-06-23', 71, 1736279042),
(527, 103, '89022323', 89, 'power supply មួយទឹក', 1, 10, 20, 20, '2025-06-05', 71, 1736279042),
(528, 102, '39045904', 39, 'Ranger MINI 5MP', 2, 35, 50, 100, '2025-05-27', 71, 1736279042),
(529, 102, '69015630', 69, 'SD Card 128GB', 1, 8.5, 12, 12, '2025-05-27', 71, 1736279042),
(531, 101, '8886482303073', 84, 'L3210 EPSON', 1, 125, 134, 134, '2025-05-21', 71, 1736279042),
(532, 99, '54061601', 54, 'BNC ឌុយ កាម៉េរា', 1, 0.135, 3, 3, '2025-05-19', 71, 1736279042),
(533, 99, '53061236', 53, 'ខ្សែរ​ DC', 1, 0.09, 3, 3, '2025-05-19', 71, 1736279042),
(534, 99, '85035554', 85, 'ឈ្នួលជាង', 1, 0, 15, 15, '2025-05-19', 71, 1736279042),
(536, 98, '8886482303073', 84, 'L3210 EPSON', 1, 125, 134, 134, '2025-05-19', 71, 1736279042),
(538, 96, '47091800', 47, 'ដុំចាប់ wifi ', 1, 13, 17, 17, '2025-05-16', 71, 1736279042),
(539, 96, '82101203', 82, 'ខ្សែរ RJ45', 34, 0.154098, 0.25, 8.5, '2025-05-16', 71, 1736279042),
(540, 96, '46091120', 46, 'ឈ្នួលជាង 5$', 1, 0, 5, 5, '2025-05-16', 71, 1736279042),
(541, 95, '39045904', 39, 'Ranger MINI 5MP', 2, 35, 50, 100, '2025-05-15', 71, 1736279042),
(542, 95, '44051836', 44, 'SD Card - 64GB ', 2, 3.5, 8, 16, '2025-05-15', 71, 1736279042),
(543, 93, '75050808', 75, 'Cruiser sc wifi 5mp', 1, 58, 87, 87, '2025-05-14', 71, 1736279042),
(544, 93, '39045904', 39, 'Ranger MINI 5MP', 1, 35, 50, 50, '2025-05-14', 71, 1736279042),
(545, 93, '72055322', 72, 'SD Card 256', 1, 20, 25, 25, '2025-05-14', 71, 1736279042),
(546, 93, '44051836', 44, 'SD Card - 64GB ', 1, 3.5, 8, 8, '2025-05-14', 71, 1736279042),
(547, 93, '45084439', 45, 'ឈ្នួលជាង 10$', 2, 0, 10, 20, '2025-05-14', 71, 1736279042),
(548, 93, '79070746', 79, 'ប្រអប់ភ្លើង', 1, 0.825, 1.25, 1.25, '2025-05-14', 71, 1736279042),
(549, 93, '78065222', 78, 'ខ្សែភ្លើង 2x1', 17, 0.25, 0.3, 5.1, '2025-05-14', 71, 1736279042),
(550, 92, '61055717', 61, 'Mouse pad តូច', 1, 0.5, 1, 1, '2025-05-09', 71, 1736279042),
(551, 92, '49085418', 49, 'mouse METOO', 1, 2.5, 5, 5, '2025-05-09', 71, 1736279042),
(552, 91, '39045904', 39, 'Ranger MINI 5MP', 1, 35, 50, 50, '2025-05-08', 71, 1736279042),
(553, 91, '69015630', 69, 'SD Card 128GB', 1, 8.5, 12, 12, '2025-05-08', 71, 1736279042),
(554, 90, '76023149', 76, 'Cruiser Dual 6mp', 1, 65, 82, 82, '2025-05-08', 71, 1736279042),
(555, 90, '38045414', 38, 'Ranger 2 3MP', 1, 23, 37, 37, '2025-05-08', 71, 1736279042),
(556, 90, '44051836', 44, 'SD Card - 64GB ', 1, 3.5, 8, 8, '2025-05-08', 71, 1736279042),
(557, 90, '69015630', 69, 'SD Card 128GB', 1, 8.5, 12, 12, '2025-05-08', 71, 1736279042),
(558, 89, '52033533', 52, 'ដុំភ្លើង 20 អំពែ ', 1, 7.5, 15, 15, '2025-04-28', 71, 1736279042),
(559, 89, '45084439', 45, 'ឈ្នួលជាង 10$', 3, 0, 10, 30, '2025-04-28', 71, 1736279042),
(560, 89, '53061236', 53, 'ខ្សែរ​ DC', 1, 0.09, 3, 3, '2025-04-28', 71, 1736279042),
(561, 89, '54061601', 54, 'BNC ឌុយ កាម៉េរា', 4, 0.135, 3, 12, '2025-04-28', 71, 1736279042),
(562, 88, '39045904', 39, 'Ranger MINI 5MP', 2, 35, 50, 100, '2025-04-28', 71, 1736279042),
(563, 88, '38045414', 38, 'Ranger 2 3MP', 1, 23, 37, 37, '2025-04-28', 71, 1736279042),
(564, 88, '44051836', 44, 'SD Card - 64GB ', 1, 3.5, 8, 8, '2025-04-28', 71, 1736279042),
(565, 88, '69015630', 69, 'SD Card 128GB', 1, 8.5, 12, 12, '2025-04-28', 71, 1736279042),
(566, 88, '45084439', 45, 'ឈ្នួលជាង 10$', 2, 0, 10, 20, '2025-04-28', 71, 1736279042),
(567, 87, '74053252', 74, 'ផ្លាស់ប្ដូរ Disk Drive', 1, 0, 15, 15, '2025-04-22', 71, 1736279042),
(568, 97, '83073438', 83, 'Mouse Omw910', 1, 0, 5, 5, '2025-05-19', 71, 1736279042),
(569, 85, '39045904', 39, 'Ranger MINI 5MP', 1, 35, 50, 50, '2025-04-19', 71, 1736279042),
(570, 85, '72055322', 72, 'SD Card 256', 1, 20, 25, 25, '2025-04-19', 71, 1736279042),
(571, 85, '46091120', 46, 'ឈ្នួលជាង 5$', 1, 0, 5, 5, '2025-04-19', 71, 1736279042),
(572, 84, '39045904', 39, 'Ranger MINI 5MP', 1, 35, 50, 50, '2025-04-19', 71, 1736279042),
(573, 84, '69015630', 69, 'SD Card 128GB', 1, 8.5, 12, 12, '2025-04-19', 71, 1736279042),
(574, 84, '46091120', 46, 'ឈ្នួលជាង 5$', 1, 0, 5, 5, '2025-04-19', 71, 1736279042),
(575, 83, '39045904', 39, 'Ranger MINI 5MP', 1, 35, 50, 50, '2025-04-19', 71, 1736279042),
(576, 83, '72055322', 72, 'SD Card 256', 1, 20, 25, 25, '2025-04-19', 71, 1736279042),
(577, 83, '46091120', 46, 'ឈ្នួលជាង 5$', 1, 0, 5, 5, '2025-04-19', 71, 1736279042),
(578, 82, '39045904', 39, 'Ranger MINI 5MP', 2, 35, 50, 100, '2025-04-09', 71, 1736279042),
(579, 82, '69015630', 69, 'SD Card 128GB', 2, 8.5, 12, 24, '2025-04-09', 71, 1736279042),
(580, 82, '47091800', 47, 'ដុំចាប់ wifi ', 1, 13, 17, 17, '2025-04-09', 71, 1736279042),
(581, 81, '49085418', 49, 'mouse METOO', 1, 2.5, 5, 5, '2025-03-19', 71, 1736279042),
(582, 81, '61055717', 61, 'Mouse pad តូច', 1, 0.5, 1, 1, '2025-03-19', 71, 1736279042),
(583, 81, '65021355', 65, 'Keyboard k100', 1, 4, 8, 8, '2025-03-19', 71, 1736279042),
(586, 80, '60055314', 60, 'All in one 24in', 1, 100, 120, 120, '2025-03-10', 71, 1736279042),
(587, 80, '61055717', 61, 'Mouse pad តូច', 1, 0.5, 1, 1, '2025-03-10', 71, 1736279042),
(588, 72, '49085418', 49, 'mouse METOO', 4, 2.5, 5, 20, '2025-02-20', 71, 1736279042),
(589, 71, '40050205', 40, 'Turret SE Indoor 4MP', 1, 37, 56, 56, '2025-02-28', 71, 1736279042),
(590, 71, '44051836', 44, 'SD Card - 64GB ', 1, 3.5, 8, 8, '2025-02-28', 71, 1736279042),
(591, 71, '48064823', 48, 'ឈ្នួលជាង 2.5$', 1, 0, 2.5, 2.5, '2025-02-28', 71, 1736279042),
(592, 69, '39045904', 39, 'Ranger MINI 5MP', 1, 35, 50, 50, '2025-06-23', 71, 1736279042),
(593, 69, '44051836', 44, 'SD Card - 64GB ', 1, 3.5, 8, 8, '2025-06-23', 71, 1736279042),
(594, 106, '41050428', 41, 'Bullet 2C 4MP Outdoor', 2, 40, 60, 120, '2025-06-23', 71, 1736279042),
(595, 106, '46091120', 46, 'ឈ្នួលជាង 5$', 1, 0, 5, 5, '2025-06-23', 71, 1736279042),
(596, 106, '47091800', 47, 'ដុំចាប់ wifi ', 1, 17, 17, 17, '2025-06-23', 71, 1736279042),
(597, 106, '44051836', 44, 'SD Card - 64GB ', 2, 3.5, 8, 16, '2025-06-23', 71, 1736279042),
(598, 108, '96044409', 96, 'Mouse METOO E16', 1, 0, 11, 11, '2025-07-06', 71, 1736279042),
(604, 109, '39045904', 39, 'Ranger MINI 5MP', 2, 35, 50, 100, '2025-07-06', 71, 1736279042),
(605, 109, '44051836', 44, 'SD Card - 64GB ', 1, 3.5, 8, 8, '2025-07-06', 71, 1736279042),
(606, 109, '101042203', 101, 'sd cade 128GB s', 1, 8, 10, 10, '2025-07-06', 71, 1736279042),
(607, 109, '78065222', 78, 'ខ្សែភ្លើង 2x1', 2.5, 0.25, 0.3, 0.75, '2025-07-06', 71, 1736279042),
(608, 109, '45084439', 45, 'ឈ្នួលជាង 10$', 2, 0, 10, 20, '2025-07-06', 71, 1736279042),
(618, 110, '53061236', 53, 'ខ្សែរ​ DC', 2, 0.09, 3, 6, '2025-07-08', 71, 1736279042),
(619, 110, '54061601', 54, 'BNC ឌុយ កាម៉េរា', 2, 0.135, 3, 6, '2025-07-08', 71, 1736279042),
(620, 110, '85035554', 85, 'ឈ្នួលជាង', 2, 0, 15, 30, '2025-07-08', 71, 1736279042),
(621, 111, '324345', 77, 'Ranger MINI 3MP', 1, 0, 40, 40, '2025-07-12', 71, 1736279042),
(622, 111, '39045904', 39, 'Ranger MINI 5MP', 1, 0, 50, 50, '2025-07-12', 71, 1736279042),
(623, 111, '41050428', 41, 'Bullet 2C 4MP Outdoor', 1, 0, 52, 52, '2025-07-12', 71, 1736279042),
(624, 111, '44051836', 44, 'SD Card - 64GB ', 3, 0, 8, 24, '2025-07-12', 71, 1736279042),
(625, 111, '45084439', 45, 'ឈ្នួលជាង 10$', 3, 0, 10, 30, '2025-07-12', 71, 1736279042),
(626, 111, '79070746', 79, 'ប្រអប់ភ្លើង', 1, 0, 1.25, 1.25, '2025-07-12', 71, 1736279042),
(627, 112, '47091800', 47, 'ដុំចាប់ wifi ', 1, 0, 17, 17, '2025-07-14', 71, 1736279042),
(628, 112, '82101203', 82, 'ខ្សែរ RJ45', 12.5, 0, 0.75, 9.375, '2025-07-14', 71, 1736279042),
(629, 113, '47091800', 47, 'ដុំចាប់ wifi ', 1, 0, 17, 17, '2025-07-19', 71, 1736279042),
(645, 115, '83073438', 83, 'Mouse Omw910', 1, 0, 5, 5, '2025-07-24', 71, 1736279042),
(646, 114, '54061601', 54, 'BNC ឌុយ កាម៉េរា', 2, 0.135, 3, 6, '2025-07-24', 71, 1736279042),
(647, 114, '53061236', 53, 'ខ្សែរ​ DC', 1, 0.09, 3, 3, '2025-07-24', 71, 1736279042),
(648, 114, '343414', 50, '2CE17D0T-LFS 2MP', 1, 21.5, 32.5, 32.5, '2025-07-24', 71, 1736279042),
(649, 114, '76023149', 76, 'Cruiser Dual 6mp', 1, 65, 82, 82, '2025-07-24', 71, 1736279042),
(650, 114, '44051836', 44, 'SD Card - 64GB ', 1, 3.7, 8, 8, '2025-07-24', 71, 1736279042),
(651, 114, '55062106', 55, 'RG 59 CC.COM', 23, 0.143333, 0.375, 8.625, '2025-07-24', 71, 1736279042),
(652, 114, '45084439', 45, 'ឈ្នួលជាង 10$', 2, 0, 10, 20, '2025-07-24', 71, 1736279042),
(653, 114, '102050350', 102, 'wifi pro 5G(MF688)', 1, 25, 35, 35, '2025-07-24', 71, 1736279042),
(654, 114, '79070746', 79, 'ប្រអប់ភ្លើង', 1, 0.825, 1.25, 1.25, '2025-07-24', 71, 1736279042),
(655, 116, '324345', 77, 'Ranger MINI 3MP', 1, 0, 40, 40, '2025-07-24', 71, 1736279042),
(656, 116, '44051836', 44, 'SD Card - 64GB ', 1, 0, 8, 8, '2025-07-24', 71, 1736279042),
(657, 116, '79070746', 79, 'ប្រអប់ភ្លើង', 1, 0, 1.25, 1.25, '2025-07-24', 71, 1736279042),
(658, 116, '45084439', 45, 'ឈ្នួលជាង 10$', 1, 0, 10, 10, '2025-07-24', 71, 1736279042),
(659, 117, '103050900', 103, 'ឈូស window', 1, 0, 5, 5, '2025-07-25', 71, 1736279042),
(688, 118, '104025646', 104, 'Bullet 2', 1, 34, 52, 52, '2025-07-31', 71, 1736279042),
(689, 118, '39045904', 39, 'Ranger MINI 5MP', 1, 30, 50, 50, '2025-07-31', 71, 1736279042),
(690, 118, '45084439', 45, 'ឈ្នួលជាង 10$', 2, 0, 10, 20, '2025-07-31', 71, 1736279042),
(691, 118, '80074949', 80, 'ឌុយញី', 3, 0.375, 0.375, 1.125, '2025-07-31', 71, 1736279042),
(692, 118, '44051836', 44, 'SD Card - 64GB ', 2, 3.7, 8, 16, '2025-07-31', 71, 1736279042),
(693, 118, '78065222', 78, 'ខ្សែភ្លើង 2x1', 10, 0.25, 0.375, 3.75, '2025-07-31', 71, 1736279042),
(694, 118, '79070746', 79, 'ប្រអប់ភ្លើង', 1, 0.825, 1, 1, '2025-07-31', 71, 1736279042),
(715, 120, '44051836', 44, 'SD Card - 64GB ', 2, 3.7, 8, 16, '2025-08-03', 71, 1736279042),
(716, 120, '324345', 77, 'Ranger MINI 3MP', 1, 25, 40, 40, '2025-08-03', 71, 1736279042),
(717, 120, '39045904', 39, 'Ranger MINI 5MP', 1, 30, 50, 50, '2025-08-03', 71, 1736279042),
(718, 120, '45084439', 45, 'ឈ្នួលជាង 10$', 2, 0, 10, 20, '2025-08-03', 71, 1736279042),
(719, 121, '44051836', 44, 'SD Card - 64GB ', 1, 3.7, 8, 8, '2025-08-03', 71, 1736279042),
(720, 121, '79070746', 79, 'ប្រអប់ភ្លើង', 1, 0.825, 1, 1, '2025-08-03', 71, 1736279042),
(721, 121, '324345', 77, 'Ranger MINI 3MP', 1, 25, 40, 40, '2025-08-03', 71, 1736279042),
(722, 121, '45084439', 45, 'ឈ្នួលជាង 10$', 1, 0, 10, 10, '2025-08-03', 71, 1736279042),
(723, 122, '62122016', 62, 'SSD 256G (colorful)', 1, 0, 35, 35, '2025-08-04', 71, 1736279042),
(724, 123, '39045904', 39, 'Ranger MINI 5MP', 1, 0, 50, 50, '2025-08-06', 71, 1736279042),
(725, 123, '44051836', 44, 'SD Card - 64GB ', 1, 0, 8, 8, '2025-08-06', 71, 1736279042),
(726, 123, '105035805', 105, 'ឈ្នួលជាង 15$', 1, 0, 15, 15, '2025-08-06', 71, 1736279042),
(727, 124, '36021723', 36, 'cocacola', 1, 0, 1, 1, '2025-11-17', 53, 1),
(728, 125, '0622240622110', 110, ',', 1, 0, 2, 2, '2025-11-17', 53, 1),
(729, 125, '0000000000107', 107, 'ewe', 1, 0, 0.0005, 0.0005, '2025-11-17', 53, 1),
(730, 125, '34010947', 34, 'Kangaro Stapler', 1, 0, 1.25, 1.25, '2025-11-17', 53, 1),
(731, 125, '0638340638108', 108, 'ថង', 1, 0, 0.00075, 0.00075, '2025-11-17', 53, 1),
(732, 125, '37022112', 37, 'v', 1, 0, 1.5, 1.5, '2025-11-17', 53, 1),
(733, 126, '36021723', 36, 'cocacola', 1, 0, 1, 1, '2025-11-17', 53, 1),
(734, 127, '0622240622110', 110, ',', 1, 0, 2, 2, '2025-11-17', 53, 1),
(735, 128, '0532220532112', 112, 'd', 1, 0, 0.3, 0.3, '2025-11-18', 53, 1),
(736, 129, '1102471102114', 114, 'ww', 1, 0, 3, 3, '2025-11-18', 53, 1),
(737, 130, '36021723', 36, 'cocacola', 1, 0, 1, 1, '2025-11-18', 53, 1);

-- --------------------------------------------------------

--
-- Table structure for table `tbl_logo`
--

CREATE TABLE `tbl_logo` (
  `id` int(11) NOT NULL,
  `name` varchar(200) NOT NULL,
  `addres` text NOT NULL,
  `img` varchar(200) NOT NULL,
  `road` varchar(50) NOT NULL,
  `phone` varchar(50) NOT NULL,
  `aus` int(50) NOT NULL
) ENGINE=InnoDB DEFAULT CHARSET=utf8 COLLATE=utf8_general_ci;

--
-- Dumping data for table `tbl_logo`
--

INSERT INTO `tbl_logo` (`id`, `name`, `addres`, `img`, `road`, `phone`, `aus`) VALUES
(1, 'Tongheng RESTAURANT', 'Dambea - Tboung Khmum Province', '673ad37854cea.png', '73', '0718989726', 1),
(5, 'Donghae PC', 'db', 'logo.png', '73', '0976783207', 1730228047),
(7, 'Hengheng-Computer', 'ភូមិថ្នល់ ឃុំតំបែរ ស្រុកតំបែរ ខេត្តត្បូងឃ្មុំ', '67dab14a2cf3b.png', '73', '071 6 777 868 / 096 502 9897', 1736279042),
(8, 'TH POS', '', 'logo.png', '', '', 1751623567),
(9, 'TH POS', '', 'logo.png', '', '', 1751431050),
(10, 'TH POS', '', 'logo.png', '', '', 1751705757),
(11, 'TH POS', '', 'logo.png', '', '', 1751518236),
(12, 'TH POS', '', 'logo.png', '', '', 1751661905),
(13, 'TH POS', '', 'logo.png', '', '', 1751993647),
(14, 'TH POS', '', 'logo.png', '', '', 1752144646),
(15, 'TH POS', '', 'logo.png', '', '', 1761907850);

-- --------------------------------------------------------

--
-- Table structure for table `tbl_product`
--

CREATE TABLE `tbl_product` (
  `pid` int(11) NOT NULL,
  `barcode` varchar(1000) DEFAULT NULL,
  `product` varchar(200) NOT NULL,
  `category` varchar(200) NOT NULL,
  `description` varchar(200) NOT NULL,
  `stock` int(11) NOT NULL,
  `purchaseprice` float NOT NULL,
  `saleprice` float NOT NULL,
  `image` varchar(200) NOT NULL DEFAULT 'display.jpg',
  `aus` int(50) NOT NULL
) ENGINE=InnoDB DEFAULT CHARSET=utf8mb4 COLLATE=utf8mb4_general_ci;

--
-- Dumping data for table `tbl_product`
--

INSERT INTO `tbl_product` (`pid`, `barcode`, `product`, `category`, `description`, `stock`, `purchaseprice`, `saleprice`, `image`, `aus`) VALUES
(27, '27010422', 'Veg Burger', 'Veg', '       ', 20, 0.75, 1, '6742c1e62a8eb.png', 1),
(28, '28010539', 'Suger Packet 1 KG', 'Grocery', '     ', 10, 0.5, 0.75, '6742c23379229.jpg', 1),
(29, '29010615', 'lenovo charger', 'Laptop', ' ', 5, 5, 10, '6742c256e9196.jpg', 1),
(30, '30010720', 'Real me XT', 'Mobile', ' ', 2, 75, 100, '6742c29885fad.jpg', 1),
(31, '31010755', 'Modelling Comb', 'Electronics', '', 4, 50, 62.5, '6742c2bbbe084.jpg', 1),
(32, '32010838', 'Pepsodent Toothpaste', 'Grocery', '', 5, 5, 7.5, '6742c2e62e1b3.jpg', 1),
(33, '33010907', 'kissan tomato katchup', 'Grocery', '', 4, 7.5, 10, '6742c30337a5a.jpg', 1),
(34, '34010947', 'Kangaro Stapler', 'Health Care', '  ', -1, 1, 1.25, '6742c32b9a448.jpg', 1),
(35, '35011018', 'Kangaro Stapler Pins', 'Health Care', ' ', 7, 0.25, 0.5, '6742c34a5d962.jpg', 1),
(36, '36021723', 'cocacola', 'ភេជៈ', 'vb', -1, 0.75, 1, '67496a82df54f.jpg', 1),
(37, '37022112', 'v', 'Cosmetics', '', 3, 1, 1.5, '67496b6862dd9.jpg', 1),
(38, '38045414', 'Ranger 2 3MP', 'imou', '   ', 0, 23, 37, '67b06446bcd27.jpg', 1736279042),
(39, '39045904', 'Ranger MINI 5MP', 'imou', '         ', 2, 30, 50, '67b065689864c.jpg', 1736279042),
(40, '40050205', 'Turret SE Indoor 4MP', 'imou', '  ', 1, 37, 56, '67b0661db39b9.jpg', 1736279042),
(41, '41050428', 'Bullet 2C 4MP Outdoor', 'imou', '  ', 0, 34, 52, '67b066ac490c8.jpg', 1736279042),
(42, '42050749', 'Ranger Dual 6MP Indoor ', 'imou', ' ', 1, 41, 66, '67b06775d174a.jpg', 1736279042),
(43, '43051242', 'Bulb Cam 5MP Indoor', 'imou', ' ', 1, 37, 56, '67b0689a936c8.jpg', 1736279042),
(44, '44051836', 'SD Card - 64GB ', 'Accessory camera imou', '      ', 12, 3.7, 8, '67b069fc61947.jpg', 1736279042),
(45, '45084439', 'ឈ្នួលជាង 10$', 'service', '    ', 87, 0, 10, '67b09a47707df.png', 1736279042),
(46, '46091120', 'ឈ្នួលជាង 5$', 'service', '  ', 6, 0, 5, '67b0a08846504.png', 1736279042),
(47, '47091800', 'ដុំចាប់ wifi ', 'service', ' ', 2, 17, 17, '67b0a2189bb8e.jpg', 1736279042),
(48, '48064823', 'ឈ្នួលជាង 2.5$', 'service', ' ', 11, 0, 2.5, '67b716870a0e4.png', 1736279042),
(49, '49085418', 'mouse METOO', 'Accessory PC', ' ', 0, 2.5, 5, '67b7340a87f26.jpg', 1736279042),
(50, '343414', '2CE17D0T-LFS 2MP', 'camera', '    ', 1, 21.5, 32.5, '67bc2ab2050b7.png', 1736279042),
(51, '4343', '2CE17H0T-IT3F 5MP', 'camera', '   ', 3, 26, 39, '67bc2bf4e9886.png', 1736279042),
(52, '52033533', 'ដុំភ្លើង 20 អំពែ ', 'Accessory camera', '  ', 4, 7.5, 15, '67bc2f5553f06.jpg', 1736279042),
(53, '53061236', 'ខ្សែរ​ DC', 'Accessory camera', '   ', 95, 0.09, 3, '67bc54248220b.png', 1736279042),
(54, '54061601', 'BNC ឌុយ កាម៉េរា', 'Accessory camera', '    ', 91, 0.135, 3, '67bc54f14f9cc.png', 1736279042),
(55, '55062106', 'RG 59 CC.COM', 'Accessory camera', '300m 43  ', 277, 0.143333, 0.375, '67bc5622e238b.jpg', 1736279042),
(56, '324434', '1TB Seagate', 'Accessory camera', '    ', 3, 29, 41, '67bc56fab9c22.jpg', 1736279042),
(57, '57063017', 'IDS-7204HQHI-M1/E', 'camera', ' ', 1, 42, 67, '67bc5849019d7.jpeg', 1736279042),
(58, '58063156', 'IDS-7208HQHI-M1/E', 'camera', '     ', 1, 62, 100, '67bc58ac9243b.jpg', 1736279042),
(59, '59065442', 'Adapter Dvrset', 'Accessory camera', '  ', 4, 8.5, 15, '67bc5e01ecff1.jpg', 1736279042),
(60, '60055314', 'All in one 24in', 'PC', '', 1, 100, 120, '67cec49abe6b3.jpg', 1736279042),
(61, '61055717', 'Mouse pad តូច', 'Accessory PC', '', 7, 0.5, 1, '67cec58da582f.png', 1736279042),
(62, '62122016', 'SSD 256G (colorful)', 'Accessory PC', '', 2, 23, 35, '67d26b104199b.jpg', 1736279042),
(63, '34344', 'HDD 2T (WD)', 'Accessory PC', ' dhh 4t wd 50 77    ', 2, 38, 55, '67d27932d046a.jpg', 1736279042),
(64, '44234', 'HDD 4T (WD)', 'Accessory PC', '   ', 2, 65, 91, '67d27e8ec59e7.png', 1736279042),
(65, '65021355', 'Keyboard k100', 'Accessory PC', '', 1, 4, 8, '67d285b30b299.jpg', 1736279042),
(66, '66023743', 'HDMI 3m', 'Accessory PC', '', 2, 3, 7, '67d28b47257a1.jpg', 1736279042),
(67, '67024033', 'Mouse pad ធំ', 'Accessory PC', ' ', 3, 2, 3.75, '67d28bf11260e.png', 1736279042),
(68, '68024438', 'keyboard HK3910', 'Accessory PC', '', 2, 18, 23, '67d28ce6966f3.jpg', 1736279042),
(69, '69015630', 'SD Card 128GB 9', 'Accessory camera imou', '     ', 0, 8.5, 12, '67f61a1e8af95.png', 1736279042),
(72, '72055322', 'SD Card 256', 'Accessory camera imou', '   ', 4, 20, 25, '680380a28530f.jpg', 1736279042),
(73, '73055936', 'NVR1108HS-W-S2', 'Accessory camera imou', ' ', 1, 53, 75, '68038218b4104.png', 1736279042),
(74, '74053252', 'ផ្លាស់ប្ដូរ Disk Drive', 'service', ' ', 19, 0, 15, '680770543e181.png', 1736279042),
(75, '75050808', 'Cruiser sc wifi 5mp', 'imou', '   ', 0, 58, 87, '680f53888a497.jpg', 1736279042),
(76, '76023149', 'Cruiser Dual 6mp', 'imou', ' ', 1, 65, 82, '681c5de55502c.jpg', 1736279042),
(77, '324345', 'Ranger MINI 3MP', 'imou', '      ', 6, 25, 40, '681c64b1da6ab.jpg', 1736279042),
(78, '78065222', 'ខ្សែភ្លើង 2x1', 'Accessory', '  ', 22, 0.25, 0.375, '682483f685f79.jpg', 1736279042),
(79, '79070746', 'ប្រអប់ភ្លើង', 'Accessory camera', '    ', 13, 0.825, 1, '68248792c6952.jpg', 1736279042),
(80, '80074949', 'ឌុយញី', 'Accessory', ' ', 3, 0.375, 0.375, '6824916cd5c64.jpg', 1736279042),
(82, '82101203', 'ខ្សែរ RJ45', 'Accessory camera', '   ', 259, 0.154098, 0.75, '682755c39ffae.jpg', 1736279042),
(83, '83073438', 'Mouse Omw910', 'Accessory PC', '', 1, 0, 5, '682a7c9e8b9a2.jpg', 1736279042),
(84, '8886482303073', 'L3210 EPSON', 'Printer', '       ', 2, 125, 139, '682d887d15d22.jpg', 1736279042),
(85, '85035554', 'ឈ្នួលជាង', 'service', '', 219, 0, 15, '682af21a5d13f.jpg', 1736279042),
(86, '65623', 'ដុំភ្លើង 30 អំពែ', 'Accessory camera', '    ', 3, 15, 30, '6831362bc26f0.jpg', 1736279042),
(87, '87100413', 'ដុំភ្លើង 10 អំពែ', 'Accessory camera', ' ', 2, 5.5, 11, '6831372d3701c.jpg', 1736279042),
(88, '88101003', 'Switch 3E0108D-E', 'Accessory camera', ' ', 1, 8.5, 18.5, '6831388b8c5fa.jpg', 1736279042),
(89, '89022323', 'power supply មួយទឹក', 'Accessory PC', '', 0, 10, 20, '684145eb1ecd4.jpg', 1736279042),
(90, '90031152', 'ទឹកថ្នាំ Original ink 003', 'Printer', '  ', 12, 5, 9, '68415148047b8.jpg', 1736279042),
(91, '91043330', 'Flash UV150 32GB ', 'Accessory PC', ' ', 3, 3.5, 6, '6842b5ea2e721.jpg', 1736279042),
(92, '92043434', 'Flash UV150 64GB', 'Accessory PC', '', 2, 4, 7, '6842b62a9cbd6.jpg', 1736279042),
(93, '93043555', 'Flash UV150 128GB', 'Accessory PC', '', 2, 7.5, 12, '6842b67b67706.jpg', 1736279042),
(94, '94043630', 'Flash UV150 256GB', 'Accessory PC', '', 3, 19, 23, '6842b69e9d91c.jpg', 1736279042),
(95, '95043903', 'POWER AOROTECH MQ-550 550W', 'Accessory PC', '', 2, 18, 30, '6842b73769e5c.jpg', 1736279042),
(96, '96044409', 'Mouse METOO E16', 'Accessory PC', ' ', 2, 7.5, 11, '6842b86948625.jpg', 1736279042),
(97, '97044845', 'Speaker HP DHS2101', 'Accessory PC', '', 1, 10, 15, '6842b97d477c7.jpg', 1736279042),
(98, '98045151', 'Cable Power 0.75', 'Accessory PC', '', 5, 2.5, 5, '6842ba379091e.jpg', 1736279042),
(99, '99045622', 'TP-Link USB Wireless WN725N 150M', 'Accessory PC', '', 2, 7, 10, '6842bb4696306.jpg', 1736279042),
(100, '100045826', 'USB UB400 BLUETOOTH 4.0 TO LINK', 'Accessory PC', '', 2, 7.5, 10.5, '6842bbc22a61b.jpg', 1736279042),
(101, '101042203', 'sd cade 128GB s', 'Accessory camera', '', 0, 8, 10, '686a403b8a3f3.png', 1736279042),
(102, '102050350', 'wifi pro 5G(MF688)', 'Accessory', '', 2, 25, 35, '68820506c6e5f.png', 1736279042),
(103, '103050900', 'ឈូស window', 'Accessory PC', '', 19, 0, 5, '688357bc25bf0.png', 1736279042),
(104, '104025646', 'Bullet 2', 'imou', '', 1, 34, 55, '688b21be89520.png', 1736279042),
(105, '105035805', 'ឈ្នួលជាង 15$', 'service', '', 99, 0, 15, '688f249d23751.png', 1736279042),
(106, 'PRD000106', 'rf', 'ភេជៈ', '', 33, 0.0005, 0.00825, '68aeec4ea04e5.png', 1),
(109, '109120852', 'rr', 'Woed', '', 2, 1, 1, '6916b96440c45.png', 1730228047),
(110, '0622240622110', ',', 'ភេជៈ', '', -1, 0.00075, 2, '691b0570a9001.png', 1),
(112, '0532220532112', 'd', 'Medicines', '', 2, 1, 11.25, 'display.jpg', 1),
(113, '1101341101113', 'pp', 'Medicines', '', 10, 1.65, 2, 'display.jpg', 1),
(114, '1102471102114', 'ww', 'ភេជៈ', '', 1, 2, 3, 'display.jpg', 1);

-- --------------------------------------------------------

--
-- Table structure for table `tbl_product_stock`
--

CREATE TABLE `tbl_product_stock` (
  `id` int(11) NOT NULL,
  `product_id` int(11) NOT NULL,
  `stock` int(50) NOT NULL,
  `price` float NOT NULL,
  `date` date NOT NULL,
  `aus` int(50) NOT NULL
) ENGINE=InnoDB DEFAULT CHARSET=utf8 COLLATE=utf8_general_ci;

--
-- Dumping data for table `tbl_product_stock`
--

INSERT INTO `tbl_product_stock` (`id`, `product_id`, `stock`, `price`, `date`, `aus`) VALUES
(3, 27, 9, 0.75, '2025-06-25', 1),
(4, 28, 10, 0.5, '2025-06-25', 1),
(5, 29, 5, 5, '2025-06-25', 1),
(6, 30, 2, 7.5, '2025-06-25', 1),
(7, 31, 4, 5, '2025-06-25', 1),
(8, 32, 5, 0.5, '2025-06-25', 1),
(9, 33, 4, 0.75, '2025-06-25', 1),
(10, 34, 4, 1, '2025-06-25', 1),
(11, 35, 10, 0.25, '2025-06-25', 1),
(13, 36, 3, 0.75, '2025-06-25', 1),
(14, 37, 4, 1, '2025-06-25', 1),
(17, 27, 1, 0.75, '2025-06-25', 1),
(18, 27, 3, 0.75, '2025-06-25', 1),
(19, 38, 2, 23, '2025-02-13', 1736279042),
(20, 39, 1, 35, '2025-02-13', 1736279042),
(21, 40, 2, 37, '2025-02-13', 1736279042),
(22, 41, 2, 40, '2025-02-13', 1736279042),
(23, 42, 1, 41, '2025-02-13', 1736279042),
(24, 43, 1, 37, '2025-02-13', 1736279042),
(25, 44, 5, 4, '2025-02-13', 1736279042),
(26, 44, 4, 0, '2025-02-13', 1736279042),
(27, 45, 10, 0, '2025-06-25', 1736279042),
(28, 46, 12, 0, '2025-06-25', 1736279042),
(29, 47, 2, 17, '2025-06-25', 1736279042),
(30, 48, 12, 0, '2025-06-25', 1736279042),
(31, 49, 6, 2.5, '2025-06-25', 1736279042),
(32, 50, 2, 21.5, '2025-02-22', 1736279042),
(33, 51, 3, 26, '2025-02-22', 1736279042),
(34, 52, 2, 7.5, '2025-02-22', 1736279042),
(35, 53, 100, 0.09, '2025-02-22', 1736279042),
(36, 54, 100, 0.135, '2025-02-22', 1736279042),
(37, 55, 300, 0.143333, '2025-02-22', 1736279042),
(38, 56, 3, 29, '2025-02-22', 1736279042),
(39, 57, 1, 42, '2025-02-22', 1736279042),
(40, 58, 1, 62, '2025-02-22', 1736279042),
(41, 59, 4, 8.5, '2025-02-23', 1736279042),
(42, 60, 2, 100, '2025-06-25', 1736279042),
(43, 61, 10, 0.5, '2025-06-25', 1736279042),
(44, 62, 3, 23, '2025-06-25', 1736279042),
(45, 63, 2, 38, '2025-06-25', 1736279042),
(46, 64, 2, 65, '2025-06-25', 1736279042),
(47, 65, 2, 4, '2025-06-25', 1736279042),
(48, 66, 2, 3, '2025-06-25', 1736279042),
(49, 67, 5, 2, '2025-06-25', 1736279042),
(50, 68, 2, 18, '2025-06-25', 1736279042),
(51, 39, 3, 35, '2025-03-28', 1736279042),
(52, 69, 3, 9, '2025-03-28', 1736279042),
(53, 47, 2, 13, '2025-06-25', 1736279042),
(54, 39, 5, 35, '2025-06-25', 1736279042),
(55, 69, 3, 8.5, '2025-06-25', 1736279042),
(56, 72, 2, 20, '2025-06-25', 1736279042),
(57, 73, 1, 53, '2025-06-25', 1736279042),
(58, 74, 20, 0, '2025-06-25', 1736279042),
(59, 39, 10, 35, '2025-06-25', 1736279042),
(60, 69, 4, 8.5, '2025-06-25', 1736279042),
(61, 72, 5, 20, '2025-03-07', 1736279042),
(62, 75, 1, 58, '2025-03-07', 1736279042),
(63, 76, 1, 65, '2025-03-07', 1736279042),
(64, 77, 1, 29, '2025-03-07', 1736279042),
(65, 75, 1, 58, '2025-03-07', 1736279042),
(66, 76, 2, 65, '2025-05-13', 1736279042),
(67, 44, 5, 3.5, '2025-03-07', 1736279042),
(68, 78, 50, 0.25, '2025-03-07', 1736279042),
(69, 79, 20, 0.825, '2025-06-25', 1736279042),
(70, 80, 3, 0.25, '2025-06-25', 1736279042),
(72, 47, 3, 13, '2025-06-25', 1736279042),
(73, 82, 305, 0.154098, '2025-02-23', 1736279042),
(74, 83, 3, 0, '2025-06-25', 1736279042),
(75, 84, 1, 129, '2025-06-25', 1736279042),
(76, 85, 222, 0, '2025-06-25', 1736279042),
(77, 84, 1, 125, '2025-06-25', 1736279042),
(78, 86, 3, 15, '2025-06-25', 1736279042),
(79, 52, 3, 7.5, '2025-06-25', 1736279042),
(80, 87, 2, 5.5, '2025-06-25', 1736279042),
(81, 88, 1, 8.5, '2025-06-25', 1736279042),
(82, 84, 2, 125, '2025-06-25', 1736279042),
(83, 89, 1, 10, '2025-06-25', 1736279042),
(84, 90, 12, 5, '2025-06-25', 1736279042),
(85, 91, 3, 3.5, '2025-06-05', 1736279042),
(86, 92, 2, 4, '2025-06-05', 1736279042),
(87, 93, 2, 7.5, '2025-06-05', 1736279042),
(88, 94, 3, 19, '2025-06-05', 1736279042),
(89, 95, 2, 18, '2025-06-05', 1736279042),
(90, 96, 3, 7.5, '2025-06-05', 1736279042),
(91, 97, 1, 10, '2025-06-05', 1736279042),
(92, 98, 5, 2.5, '2025-06-05', 1736279042),
(93, 99, 2, 7, '2025-06-05', 1736279042),
(94, 100, 2, 7.5, '2025-06-05', 1736279042),
(95, 45, 100, 0, '2025-06-05', 1736279042),
(96, 101, 1, 8, '0000-00-00', 1736279042),
(97, 44, 8, 3.7, '0000-00-00', 1736279042),
(98, 41, 1, 34, '0000-00-00', 1736279042),
(99, 77, 4, 25, '0000-00-00', 1736279042),
(100, 39, 2, 30, '0000-00-00', 1736279042),
(101, 102, 3, 25, '0000-00-00', 1736279042),
(102, 103, 20, 0, '0000-00-00', 1736279042),
(103, 104, 1, 34, '0000-00-00', 1736279042),
(104, 80, 5, 0.375, '0000-00-00', 1736279042),
(105, 77, 2, 25, '0000-00-00', 1736279042),
(106, 44, 3, 3.7, '0000-00-00', 1736279042),
(107, 105, 100, 0, '0000-00-00', 1736279042),
(108, 77, 4, 25, '0000-00-00', 1736279042),
(109, 39, 3, 30, '0000-00-00', 1736279042),
(110, 104, 1, 34, '0000-00-00', 1736279042),
(111, 44, 9, 3.7, '0000-00-00', 1736279042),
(112, 106, 33, 0.0005, '0000-00-00', 1),
(113, 107, 2, 0.0005, '0000-00-00', 1),
(114, 108, 33, 0.00075, '0000-00-00', 1),
(115, 108, 2, 0.00075, '0000-00-00', 1),
(116, 108, 23, 0.00075, '0000-00-00', 1),
(117, 108, 2, 0.00075, '2025-09-17', 1),
(118, 109, 2, 1, '0000-00-00', 1730228047),
(119, 110, 1, 0.00075, '0000-00-00', 1),
(120, 111, 3, 0.5, '0000-00-00', 1),
(121, 112, 3, 1, '0000-00-00', 1),
(122, 113, 10, 1.65, '0000-00-00', 1),
(123, 114, 2, 2, '0000-00-00', 1);

-- --------------------------------------------------------

--
-- Table structure for table `tbl_product_unit`
--

CREATE TABLE `tbl_product_unit` (
  `id` int(11) NOT NULL,
  `pid` int(11) NOT NULL,
  `unit_name` varchar(100) NOT NULL,
  `unit_price` decimal(10,2) NOT NULL,
  `aus` int(11) NOT NULL,
  `created_at` timestamp NOT NULL DEFAULT current_timestamp()
) ENGINE=InnoDB DEFAULT CHARSET=utf8 COLLATE=utf8_general_ci;

--
-- Dumping data for table `tbl_product_unit`
--

INSERT INTO `tbl_product_unit` (`id`, `pid`, `unit_name`, `unit_price`, `aus`, `created_at`) VALUES
(4, 112, 'M (ម៉ែត្រ)', 0.30, 1, '2025-11-18 10:32:23'),
(5, 112, 'CM', 0.03, 1, '2025-11-18 10:32:23'),
(6, 112, 'MM', 0.06, 1, '2025-11-18 10:32:23'),
(7, 112, 'M²', 0.58, 1, '2025-11-18 10:32:23'),
(8, 112, 'BOX (ប្រអប់)', 7.50, 1, '2025-11-18 10:32:23'),
(9, 113, 'BOX (ប្រអប់)', 2.50, 1, '2025-11-18 16:01:34'),
(10, 113, 'M (ម៉ែត្រ)', 14.00, 1, '2025-11-18 16:01:34'),
(11, 114, 'BOX (ប្រអប់)', 5.00, 1, '2025-11-18 16:02:47');

-- --------------------------------------------------------

--
-- Table structure for table `tbl_taxdis`
--

CREATE TABLE `tbl_taxdis` (
  `taxdis_id` int(11) NOT NULL,
  `discount` float NOT NULL,
  `aus` int(50) NOT NULL
) ENGINE=InnoDB DEFAULT CHARSET=utf8mb4 COLLATE=utf8mb4_general_ci;

--
-- Dumping data for table `tbl_taxdis`
--

INSERT INTO `tbl_taxdis` (`taxdis_id`, `discount`, `aus`) VALUES
(1, 0, 1),
(3, 0, 1730228047),
(5, 0, 1736279042),
(6, 0, 1751623567),
(7, 0, 1751431050),
(8, 0, 1751705757),
(9, 0, 1751518236),
(10, 0, 1751661905),
(11, 0, 1751993647),
(12, 0, 1752144646),
(13, 0, 1761907850);

-- --------------------------------------------------------

--
-- Table structure for table `tbl_unit`
--

CREATE TABLE `tbl_unit` (
  `unitid` int(11) NOT NULL,
  `unit_name` varchar(100) NOT NULL,
  `aus` int(11) NOT NULL
) ENGINE=InnoDB DEFAULT CHARSET=utf8 COLLATE=utf8_general_ci;

--
-- Dumping data for table `tbl_unit`
--

INSERT INTO `tbl_unit` (`unitid`, `unit_name`, `aus`) VALUES
(8, 'BOX (ប្រអប់)', 1),
(5, 'CM', 1),
(3, 'G (ក្រាម)', 1),
(2, 'KG (គីឡូ)', 1),
(4, 'M (ម៉ែត្រ)', 1),
(6, 'MM', 1),
(7, 'M²', 1),
(1, 'PCS (ដុំ)', 1);

-- --------------------------------------------------------

--
-- Table structure for table `tbl_user`
--

CREATE TABLE `tbl_user` (
  `user_id` int(11) NOT NULL,
  `username` varchar(200) NOT NULL,
  `useremail` varchar(200) NOT NULL,
  `userpassword` varchar(200) NOT NULL,
  `img` text NOT NULL DEFAULT 'user.png',
  `role` varchar(50) NOT NULL DEFAULT 'Admin',
  `createdate` datetime DEFAULT NULL ON UPDATE current_timestamp(),
  `date_new` date NOT NULL,
  `code` int(20) NOT NULL,
  `verified` int(20) NOT NULL,
  `aus` int(50) NOT NULL,
  `tim` int(20) NOT NULL,
  `login_online` int(11) NOT NULL,
  `last_login` timestamp NOT NULL DEFAULT current_timestamp() ON UPDATE current_timestamp(),
  `location` varchar(50) NOT NULL,
  `birthday` date NOT NULL DEFAULT '1970-01-01',
  `login_type` varchar(50) NOT NULL,
  `lat` varchar(50) NOT NULL,
  `lng` varchar(50) NOT NULL
) ENGINE=InnoDB DEFAULT CHARSET=utf8mb4 COLLATE=utf8mb4_general_ci;

--
-- Dumping data for table `tbl_user`
--

INSERT INTO `tbl_user` (`user_id`, `username`, `useremail`, `userpassword`, `img`, `role`, `createdate`, `date_new`, `code`, `verified`, `aus`, `tim`, `login_online`, `last_login`, `location`, `birthday`, `login_type`, `lat`, `lng`) VALUES
(53, 'admin', 'admin@gmail.com', '$2y$10$YxakqzXocYtdqbKKneMFaObWSjL033p/mbZTQPPK5I/7HgmKiPGXS', '673b7725788ae.png', 'Admin', '2025-11-20 17:52:58', '2024-10-09', 917504, 1, 1, 120, 1763635988, '2025-11-20 10:52:58', '20', '2024-08-01', '', '13.3632533', '103.856403'),
(66, 'abcds', 'admin1@gmail.com', '202cb962ac59075b964b07152d234b70', 'user.png', 'Admin', '2025-11-18 23:17:04', '2024-10-21', 0, 1, 1730228047, 0, 1763482634, '2025-11-18 16:17:04', '', '1970-01-01', '', '', ''),
(71, 'Tongheng', 'mrrbean88@gmail.com', '$2y$10$UK3KvNeeV2bGNpFAh05JkO3HqQZr.zI59mJBU/QMy2KFYbknxnS/S', 'user.png', 'Admin', '2025-11-18 23:06:04', '2025-01-03', 0, 1, 1736279042, 7, 1763481974, '2025-11-18 16:06:04', '', '1970-01-01', 'manual', '', ''),
(72, 'tongheng13', 'bebhosting3@gmail.com', '$2y$10$CkRiDdXMpIVkJFcct0tvAOvCcvDyvADKlyI3ct7wG8.ON9CkxdPNG', 'user.png', 'Admin', '2025-06-30 00:40:44', '2025-06-30', 404723, 0, 1751623567, 7, 0, '2025-06-29 17:40:44', '', '1970-01-01', '', '', ''),
(73, 'Tonghenga', 'bebhostinga@gmail.com', '$2y$10$pHDi55DmYZUXVKP6io5GDukeQ3H3jVWpwqMR6dNz5A9umTXUvxpb2', 'user.png', 'Admin', '2025-06-30 00:52:39', '2025-06-30', 211491, 0, 1751431050, 7, 0, '2025-06-29 17:52:39', '', '1970-01-01', '', '', ''),
(74, 'Tonghengss', 'bebhostings@gmail.com', '$2y$10$ochK2L5rG2X4RQFXa4X5LuNBCIilb9XOYJv3D6KoLj.9HD4B/g/FC', 'user.png', 'Admin', '2025-06-30 00:54:21', '2025-06-30', 486096, 0, 1751705757, 7, 0, '2025-06-29 17:54:21', '', '1970-01-01', '', '', ''),
(75, 'Tonghengd', 'bebhostingd@gmail.com', '$2y$10$10lbMhMrMqEDpkWE/kzc8uMCdTV6TXFHDa3fk8fnwR//etSFou3E6', 'user.png', 'Admin', '2025-06-30 01:01:58', '2025-06-30', 298118, 0, 1751518236, 7, 0, '2025-06-29 18:01:58', '', '1970-01-01', '', '', ''),
(76, 'Tongheng2', 'bebhosting2@gmail.com', '$2y$10$ydb7givrFMs.v14L49l4YeApDYAjm3PC0l4V1MPVsiKiGaootDsci', 'user.png', 'Admin', '2025-06-30 01:05:51', '2025-06-30', 441554, 0, 1751661905, 7, 0, '2025-06-29 18:05:51', '', '1970-01-01', '', '', ''),
(77, 'Tonghengaas', 'bebhostingsa@gmail.com', '$2y$10$P5FYfmbVU1s/ZohRDW6P.uUCJgrar.g3DK7KhcLZEttJjmEH5PJru', 'user.png', 'Admin', '2025-06-30 01:13:52', '2025-06-30', 772815, 0, 1751993647, 7, 0, '2025-06-29 18:13:52', '', '1970-01-01', '', '', ''),
(78, 'សុខា', 'bebhosting@gmail.com', '$2y$10$PEeOGvUygvyQoZdBiYZ.oug/8qBB7y2SzlHVr5kzvUSaKOYf1IRBK', 'user.png', 'Admin', '2025-06-30 02:35:00', '2025-06-30', 918946, 0, 1752144646, 7, 0, '2025-06-29 19:35:00', '', '1970-01-01', '', '', ''),
(79, 'donghaew', 'mrrbean88s@gmailcom', '$2y$10$UK3KvNeeV2bGNpFAh05JkO3HqQZr.zI59mJBU/QMy2KFYbknxnS/S', 'user.png', 'Admin', '2025-10-30 13:17:30', '2025-10-28', 258188, 0, 1761907850, 7, 1761805060, '2025-10-30 06:17:30', '', '1970-01-01', '', '', '');

--
-- Indexes for dumped tables
--

--
-- Indexes for table `tbl_admin`
--
ALTER TABLE `tbl_admin`
  ADD PRIMARY KEY (`user_id`);

--
-- Indexes for table `tbl_category`
--
ALTER TABLE `tbl_category`
  ADD PRIMARY KEY (`catid`);

--
-- Indexes for table `tbl_change`
--
ALTER TABLE `tbl_change`
  ADD PRIMARY KEY (`id`);

--
-- Indexes for table `tbl_date_free`
--
ALTER TABLE `tbl_date_free`
  ADD PRIMARY KEY (`id`);

--
-- Indexes for table `tbl_invoice`
--
ALTER TABLE `tbl_invoice`
  ADD PRIMARY KEY (`invoice_id`);

--
-- Indexes for table `tbl_invoice_details`
--
ALTER TABLE `tbl_invoice_details`
  ADD PRIMARY KEY (`id`);

--
-- Indexes for table `tbl_logo`
--
ALTER TABLE `tbl_logo`
  ADD PRIMARY KEY (`id`);

--
-- Indexes for table `tbl_product`
--
ALTER TABLE `tbl_product`
  ADD PRIMARY KEY (`pid`);

--
-- Indexes for table `tbl_product_stock`
--
ALTER TABLE `tbl_product_stock`
  ADD PRIMARY KEY (`id`);

--
-- Indexes for table `tbl_product_unit`
--
ALTER TABLE `tbl_product_unit`
  ADD PRIMARY KEY (`id`),
  ADD KEY `fk_product` (`pid`);

--
-- Indexes for table `tbl_taxdis`
--
ALTER TABLE `tbl_taxdis`
  ADD PRIMARY KEY (`taxdis_id`);

--
-- Indexes for table `tbl_unit`
--
ALTER TABLE `tbl_unit`
  ADD PRIMARY KEY (`unitid`),
  ADD UNIQUE KEY `unit_name` (`unit_name`,`aus`);

--
-- Indexes for table `tbl_user`
--
ALTER TABLE `tbl_user`
  ADD PRIMARY KEY (`user_id`);

--
-- AUTO_INCREMENT for dumped tables
--

--
-- AUTO_INCREMENT for table `tbl_admin`
--
ALTER TABLE `tbl_admin`
  MODIFY `user_id` int(11) NOT NULL AUTO_INCREMENT, AUTO_INCREMENT=16;

--
-- AUTO_INCREMENT for table `tbl_category`
--
ALTER TABLE `tbl_category`
  MODIFY `catid` int(11) NOT NULL AUTO_INCREMENT, AUTO_INCREMENT=37;

--
-- AUTO_INCREMENT for table `tbl_change`
--
ALTER TABLE `tbl_change`
  MODIFY `id` int(11) NOT NULL AUTO_INCREMENT, AUTO_INCREMENT=13;

--
-- AUTO_INCREMENT for table `tbl_date_free`
--
ALTER TABLE `tbl_date_free`
  MODIFY `id` int(11) NOT NULL AUTO_INCREMENT, AUTO_INCREMENT=2;

--
-- AUTO_INCREMENT for table `tbl_invoice`
--
ALTER TABLE `tbl_invoice`
  MODIFY `invoice_id` int(11) NOT NULL AUTO_INCREMENT, AUTO_INCREMENT=131;

--
-- AUTO_INCREMENT for table `tbl_invoice_details`
--
ALTER TABLE `tbl_invoice_details`
  MODIFY `id` int(11) NOT NULL AUTO_INCREMENT, AUTO_INCREMENT=738;

--
-- AUTO_INCREMENT for table `tbl_logo`
--
ALTER TABLE `tbl_logo`
  MODIFY `id` int(11) NOT NULL AUTO_INCREMENT, AUTO_INCREMENT=16;

--
-- AUTO_INCREMENT for table `tbl_product`
--
ALTER TABLE `tbl_product`
  MODIFY `pid` int(11) NOT NULL AUTO_INCREMENT, AUTO_INCREMENT=115;

--
-- AUTO_INCREMENT for table `tbl_product_stock`
--
ALTER TABLE `tbl_product_stock`
  MODIFY `id` int(11) NOT NULL AUTO_INCREMENT, AUTO_INCREMENT=124;

--
-- AUTO_INCREMENT for table `tbl_product_unit`
--
ALTER TABLE `tbl_product_unit`
  MODIFY `id` int(11) NOT NULL AUTO_INCREMENT, AUTO_INCREMENT=12;

--
-- AUTO_INCREMENT for table `tbl_taxdis`
--
ALTER TABLE `tbl_taxdis`
  MODIFY `taxdis_id` int(11) NOT NULL AUTO_INCREMENT, AUTO_INCREMENT=14;

--
-- AUTO_INCREMENT for table `tbl_unit`
--
ALTER TABLE `tbl_unit`
  MODIFY `unitid` int(11) NOT NULL AUTO_INCREMENT, AUTO_INCREMENT=12;

--
-- AUTO_INCREMENT for table `tbl_user`
--
ALTER TABLE `tbl_user`
  MODIFY `user_id` int(11) NOT NULL AUTO_INCREMENT, AUTO_INCREMENT=82;

--
-- Constraints for dumped tables
--

--
-- Constraints for table `tbl_product_unit`
--
ALTER TABLE `tbl_product_unit`
  ADD CONSTRAINT `fk_product` FOREIGN KEY (`pid`) REFERENCES `tbl_product` (`pid`) ON DELETE CASCADE;
COMMIT;

/*!40101 SET CHARACTER_SET_CLIENT=@OLD_CHARACTER_SET_CLIENT */;
/*!40101 SET CHARACTER_SET_RESULTS=@OLD_CHARACTER_SET_RESULTS */;
/*!40101 SET COLLATION_CONNECTION=@OLD_COLLATION_CONNECTION */;
